"Household final consumption expenditure, quarterly, Canada (x 1,000,000)" 1
"Quarterly"
"Table: 36-10-0107-01 (formerly CANSIM 380-0067)"
"Geography: Canada"

"","Chained (2012) dollars",,,,,,,,,,,,,,,,,,,,,,,,,,,,,,,,,,,,,,,,,,,,,,,,,,,,,,,,,,,,,,,,,,,,,,,,,,,,,,,,,,,,,,,,,,,,,,,,,,,,,,,,,,,,,,,,
"","Seasonally adjusted at annual rates",,,,,,,,,,,,,,,,,,,,,,,,,,,,,,,,,,,,,,,,,,,,,,,,,,,,,,,,,,,,,,,,,,,,,,,,,,,,,,,,,,,,,,,,,,,,,,,,,,,,,,,,,,,,,,,,
"","Canada",,,,,,,,,,,,,,,,,,,,,,,,,,,,,,,,,,,,,,,,,,,,,,,,,,,,,,,,,,,,,,,,,,,,,,,,,,,,,,,,,,,,,,,,,,,,,,,,,,,,,,,,,,,,,,,,
"Estimates","Q1 1990","Q2 1990","Q3 1990","Q4 1990","Q1 1991","Q2 1991","Q3 1991","Q4 1991","Q1 1992","Q2 1992","Q3 1992","Q4 1992","Q1 1993","Q2 1993","Q3 1993","Q4 1993","Q1 1994","Q2 1994","Q3 1994","Q4 1994","Q1 1995","Q2 1995","Q3 1995","Q4 1995","Q1 1996","Q2 1996","Q3 1996","Q4 1996","Q1 1997","Q2 1997","Q3 1997","Q4 1997","Q1 1998","Q2 1998","Q3 1998","Q4 1998","Q1 1999","Q2 1999","Q3 1999","Q4 1999","Q1 2000","Q2 2000","Q3 2000","Q4 2000","Q1 2001","Q2 2001","Q3 2001","Q4 2001","Q1 2002","Q2 2002","Q3 2002","Q4 2002","Q1 2003","Q2 2003","Q3 2003","Q4 2003","Q1 2004","Q2 2004","Q3 2004","Q4 2004","Q1 2005","Q2 2005","Q3 2005","Q4 2005","Q1 2006","Q2 2006","Q3 2006","Q4 2006","Q1 2007","Q2 2007","Q3 2007","Q4 2007","Q1 2008","Q2 2008","Q3 2008","Q4 2008","Q1 2009","Q2 2009","Q3 2009","Q4 2009","Q1 2010","Q2 2010","Q3 2010","Q4 2010","Q1 2011","Q2 2011","Q3 2011","Q4 2011","Q1 2012","Q2 2012","Q3 2012","Q4 2012","Q1 2013","Q2 2013","Q3 2013","Q4 2013","Q1 2014","Q2 2014","Q3 2014","Q4 2014","Q1 2015","Q2 2015","Q3 2015","Q4 2015","Q1 2016","Q2 2016","Q3 2016","Q4 2016","Q1 2017","Q2 2017","Q3 2017","Q4 2017","Q1 2018"
"","Dollars",,,,,,,,,,,,,,,,,,,,,,,,,,,,,,,,,,,,,,,,,,,,,,,,,,,,,,,,,,,,,,,,,,,,,,,,,,,,,,,,,,,,,,,,,,,,,,,,,,,,,,,,,,,,,,,,
"Food and non-alcoholic beverages  [C11]","64,925","65,170","65,287","65,661","65,860","65,839","66,006","66,344","66,494","66,483","66,993","67,325","68,004","67,807","67,973","67,942","68,729","68,988","68,864","69,099","69,420","69,991","70,102","70,120","70,778","71,327","70,867","71,280","71,724","72,201","72,760","72,863","73,166","73,924","74,223","74,494","74,706","75,420","75,778","76,883","77,572","78,097","78,177","78,583","79,189","79,168","79,019","79,197","79,259","79,965","80,806","81,462","81,756","81,983","82,029","82,487","83,179","83,770","83,652","84,153","84,696","84,356","84,289","84,330","85,162","85,950","86,338","86,405","86,291","86,965","87,658","88,843","89,150","89,258","89,118","88,737","89,404","89,661","90,129","90,317","90,612","91,103","91,249","91,295","91,157","90,668","90,839","91,029","90,924","91,236","91,580","92,072","92,470","93,014","93,298","93,859","94,300","94,314","94,891","95,500","95,598","95,734","95,932","96,069","95,990","96,747","97,595","98,941","99,987","101,315","101,838","102,387","102,726"
"Food  [C111]","58,850","59,012","59,086","59,412","59,560","59,545","59,671","59,930","60,159","60,115","60,562","60,813","61,506","61,311","61,455","61,436","61,971","62,242","62,179","62,437","62,682","63,223","63,362","63,393","63,997","64,456","63,940","64,173","64,409","64,835","65,309","65,361","65,274","65,917","66,162","66,402","66,589","67,226","67,565","68,547","69,704","70,149","70,184","70,488","71,055","70,955","70,745","70,821","70,756","71,388","72,119","72,685","72,954","73,125","73,125","73,478","74,059","74,551","74,448","74,930","75,236","74,971","74,930","74,956","75,703","76,361","76,719","76,766","76,414","77,048","77,737","78,860","79,112","79,010","78,767","78,464","79,075","79,368","79,718","79,942","80,314","80,696","80,832","80,906","80,655","80,366","80,468","80,608","80,708","80,908","81,244","81,692","82,152","82,632","82,900","83,476","83,740","83,720","84,256","84,804","84,936","85,048","85,256","85,332","85,504","86,080","86,832","87,944","88,972","90,400","90,840","91,208","91,404"
"Non-alcoholic beverages  [C112]","6,204","6,275","6,311","6,357","6,402","6,397","6,433","6,504","6,442","6,469","6,531","6,604","6,604","6,599","6,620","6,609","6,834","6,829","6,776","6,761","6,829","6,865","6,844","6,834","6,891","6,975","7,011","7,168","7,352","7,403","7,485","7,531","7,879","7,991","8,042","8,073","8,098","8,175","8,196","8,318","7,909","7,986","8,027","8,124","8,165","8,237","8,293","8,390","8,510","8,585","8,694","8,783","8,808","8,863","8,908","9,012","9,122","9,221","9,206","9,226","9,460","9,385","9,360","9,375","9,460","9,589","9,619","9,639","9,873","9,914","9,919","9,983","10,038","10,248","10,353","10,275","10,330","10,293","10,412","10,375","10,298","10,407","10,417","10,389","10,503","10,302","10,371","10,421","10,216","10,328","10,336","10,380","10,316","10,380","10,396","10,380","10,560","10,596","10,636","10,696","10,660","10,684","10,672","10,736","10,468","10,656","10,752","10,992","11,004","10,892","10,976","11,164","11,312"
"Alcoholic beverages,  tobacco and cannabis  [C12]","34,523","34,189","34,066","33,850","33,420","32,602","32,269","31,933","31,729","31,596","31,230","30,995","30,921","30,885","30,269","29,924","31,578","32,401","32,915","33,086","32,713","33,398","33,842","33,670","33,117","32,692","32,435","32,707","33,177","33,567","34,139","34,235","34,888","35,013","34,963","34,737","34,935","35,138","35,530","36,183","35,652","35,724","35,896","36,105","36,310","36,297","36,142","36,215","36,628","36,167","36,418","36,445","36,292","36,101","36,256","36,479","36,230","36,157","36,325","36,111","36,032","35,998","35,969","36,339","36,300","36,521","36,425","36,418","36,309","36,787","36,684","37,007","37,014","37,217","37,373","37,299","37,396","37,452","37,499","36,919","37,833","38,265","38,724","38,897","38,640","38,592","38,720","39,097","38,952","39,644","39,644","39,632","39,879","39,628","39,541","39,218","39,466","39,810","39,719","40,044","40,097","40,085","40,304","40,144","40,375","40,627","40,190","40,380","40,381","40,432","40,391","40,671","40,895"
"Alcoholic beverages  [C121]","13,050","12,883","12,847","12,738","12,419","12,201","12,056","11,831","11,989","11,967","11,648","11,611","11,691","11,808","11,893","11,760","12,287","12,068","12,398","12,558","12,202","12,633","12,755","12,542","12,127","11,749","11,446","11,563","11,979","12,197","12,529","12,410","12,842","12,817","12,787","12,579","12,832","13,065","13,278","13,968","13,566","13,650","13,779","13,913","14,012","14,166","14,290","14,379","14,674","14,435","15,138","15,255","15,345","15,304","15,439","15,570","15,601","15,579","15,750","15,502","15,763","15,966","16,025","16,389","16,479","16,781","16,844","16,984","17,147","17,540","17,341","17,618","17,796","18,015","18,205","18,085","18,168","18,222","18,334","17,837","18,454","18,396","18,375","18,478","18,532","18,768","18,892","19,239","19,132","19,524","19,360","19,388","19,408","19,344","19,512","19,352","19,544","19,920","19,896","20,104","20,044","20,108","20,528","20,520","20,708","20,936","20,480","20,704","20,856","21,116","21,280","21,632","21,776"
"Tobacco  [C122]","21,078","20,886","20,783","20,651","20,548","19,753","19,517","19,370","18,899","18,751","18,688","18,420","18,188","17,949","16,992","16,690","18,111","19,715","19,821","19,701","19,736","19,912","20,299","20,348","20,179","20,137","20,215","20,306","20,125","20,211","20,382","20,648","20,752","20,876","20,743","20,657","20,372","20,135","20,220","19,850","19,659","19,507","19,441","19,422","19,469","19,108","18,614","18,500","18,545","18,218","17,583","17,431","17,105","16,889","16,877","16,947","16,597","16,504","16,469","16,475","16,055","15,757","15,629","15,600","15,431","15,303","15,093","14,889","14,551","14,612","14,695","14,705","14,481","14,421","14,342","14,356","14,328","14,291","14,179","14,068","14,323","14,784","15,235","15,258","14,886","14,547","14,500","14,481","14,428","14,648","14,728","14,596","14,804","14,556","14,248","14,032","14,036","13,956","13,840","13,896","13,940","13,832","13,632","13,484","13,536","13,572","13,592","13,592","13,496","13,352","13,200","13,160","13,164"
"Cannabis  [C123]","2,984","2,973","2,966","2,962","2,955","2,951","2,948","2,951","2,952","2,955","2,962","2,969","2,982","2,996","3,013","3,030","3,054","3,075","3,099","3,126","3,150","3,177","3,208","3,242","3,277","3,314","3,352","3,393","3,436","3,477","3,514","3,555","3,593","3,637","3,679","3,726","3,771","3,815","3,863","3,908","3,949","3,993","4,031","4,069","4,103","4,137","4,171","4,206","4,239","4,271","4,299","4,325","4,350","4,376","4,398","4,421","4,443","4,465","4,487","4,507","4,529","4,548","4,567","4,590","4,605","4,628","4,650","4,676","4,700","4,718","4,740","4,765","4,790","4,819","4,848","4,881","4,914","4,946","4,979","5,015","5,051","5,095","5,138","5,182","5,229","5,276","5,327","5,377","5,392","5,472","5,556","5,648","5,668","5,728","5,784","5,840","5,896","5,956","6,016","6,084","6,156","6,204","6,232","6,244","6,232","6,220","6,200","6,164","6,116","6,068","6,036","6,016","6,128"
"Clothing and footwear  [C13]","22,751","22,207","21,954","21,636","20,116","20,526","20,117","20,134","19,918","19,878","20,174","20,302","20,337","20,571","20,649","20,557","20,635","20,840","21,342","21,633","22,006","22,150","22,115","21,694","21,826","22,062","22,148","22,309","22,501","22,251","22,718","22,665","23,144","23,136","23,290","23,171","23,544","23,760","24,019","24,048","24,635","24,840","25,396","25,405","25,599","26,202","25,728","26,415","26,912","26,991","26,663","27,204","27,741","28,066","28,134","27,903","28,602","28,693","29,131","28,897","29,742","30,045","29,862","30,404","31,495","32,069","32,528","32,680","33,421","33,564","34,194","34,362","34,658","35,263","35,282","35,393","34,921","35,139","35,287","35,275","37,633","37,096","38,505","38,670","38,822","39,118","39,682","40,172","40,556","40,212","40,855","40,904","41,579","41,364","42,380","43,310","42,344","43,221","43,967","44,331","44,337","45,291","45,562","46,373","46,837","46,138","45,834","46,100","46,724","47,832","48,254","48,636","48,432"
"Clothing  [C131]","19,421","18,998","18,758","18,490","17,227","17,503","17,123","17,171","16,996","16,907","17,111","17,307","17,274","17,484","17,512","17,543","17,477","17,686","18,121","18,500","18,825","18,865","18,848","18,546","18,754","18,898","18,900","19,092","19,351","19,063","19,399","19,344","19,729","19,712","19,922","19,854","20,124","20,289","20,516","20,655","21,061","21,277","21,697","21,758","21,931","22,365","21,907","22,550","22,937","23,025","22,751","23,176","23,669","24,000","24,050","23,769","24,373","24,473","24,887","24,680","25,428","25,614","25,462","25,910","26,809","27,353","27,668","27,814","28,441","28,607","29,123","29,213","29,590","30,068","30,015","30,100","29,672","29,921","30,017","29,930","32,078","31,600","32,925","32,976","33,032","33,320","33,798","34,326","34,528","34,176","34,756","34,708","35,282","35,100","35,987","36,718","35,964","36,557","37,124","37,292","37,435","38,196","38,387","38,987","39,327","38,884","38,461","38,568","39,152","40,052","40,566","40,892","40,696"
"Footwear  [C132]","3,322","3,197","3,187","3,137","2,877","3,017","2,992","2,957","2,916","2,971","3,068","2,990","3,064","3,087","3,142","3,006","3,165","3,157","3,224","3,122","3,169","3,282","3,263","3,138","3,052","3,150","3,239","3,204","3,127","3,173","3,311","3,314","3,410","3,421","3,356","3,303","3,410","3,463","3,494","3,372","3,563","3,547","3,689","3,631","3,651","3,830","3,819","3,857","3,971","3,960","3,904","4,024","4,065","4,054","4,072","4,132","4,226","4,215","4,234","4,207","4,301","4,425","4,395","4,489","4,684","4,710","4,860","4,864","4,978","4,951","5,067","5,149","5,059","5,188","5,266","5,293","5,250","5,215","5,269","5,347","5,553","5,495","5,577","5,693","5,791","5,798","5,884","5,845","6,028","6,036","6,100","6,196","6,296","6,264","6,392","6,592","6,380","6,664","6,844","7,040","6,904","7,096","7,176","7,388","7,512","7,256","7,376","7,536","7,576","7,784","7,692","7,748","7,740"
"Housing, water, electricity, gas and other fuels  [C14]","128,680","130,632","131,892","132,594","133,072","134,170","135,538","136,037","136,825","137,891","138,237","140,111","141,202","141,661","143,019","144,550","146,206","145,525","145,955","146,544","147,416","148,306","149,087","149,852","150,909","151,945","152,530","153,430","153,678","154,988","155,048","155,179","155,204","156,177","157,492","157,858","159,251","160,377","161,451","161,477","162,949","164,494","165,800","167,166","167,062","167,415","168,144","168,525","170,691","173,017","173,796","176,385","177,607","178,488","180,141","181,110","182,876","183,736","185,779","187,944","189,132","190,263","192,145","192,822","193,747","195,351","197,426","198,169","200,970","203,061","204,521","206,456","207,798","209,072","211,002","212,456","214,071","214,961","216,288","218,176","218,884","220,242","222,991","224,287","226,034","228,038","229,819","229,591","231,054","232,534","234,403","236,813","237,829","239,543","241,606","244,336","246,346","246,965","248,040","250,118","253,448","253,674","255,422","256,937","258,386","260,276","262,193","263,687","265,564","268,027","270,191","272,262","274,221"
"Paid rental fees for housing  [C141]","27,789","28,056","28,351","28,590","28,802","29,022","29,186","29,336","29,541","29,764","29,922","30,097","30,309","30,473","30,643","30,807","30,923","31,077","31,246","31,421","31,591","31,660","31,702","31,744","31,919","32,083","32,284","32,470","32,651","32,828","33,031","33,218","33,356","33,509","33,657","33,879","34,096","34,278","34,421","34,648","34,766","34,939","35,156","35,309","35,481","35,644","35,866","36,117","36,377","36,696","37,010","37,236","37,522","37,841","38,169","38,524","38,820","39,069","39,342","39,619","39,882","40,136","40,409","40,700","41,069","41,383","41,693","41,979","42,302","42,629","42,942","43,243","43,569","43,930","44,299","44,720","45,098","45,476","45,798","46,159","46,520","46,872","47,314","47,653","47,980","48,332","48,654","48,946","49,355","49,647","50,019","50,375","50,740","51,180","51,564","51,992","52,372","52,756","53,148","53,608","54,136","54,580","55,024","55,444","55,904","56,380","56,872","57,336","57,772","58,236","58,684","59,184","59,608"
"Imputed rental fees for housing  [C142]","71,632","72,520","73,364","74,141","74,854","75,442","76,096","76,769","77,422","78,128","78,729","79,373","79,996","80,681","81,345","82,010","82,638","83,271","83,946","84,600","85,149","85,683","86,101","86,494","87,038","87,519","88,063","88,618","89,131","89,691","90,367","91,038","91,553","92,107","92,569","93,051","93,697","94,242","94,782","95,409","96,158","96,873","97,631","98,307","98,910","99,674","100,520","101,400","102,337","103,284","104,355","105,206","106,112","107,137","108,180","109,183","110,309","111,371","112,525","113,747","114,855","115,977","117,062","118,198","119,420","120,574","121,737","122,827","124,053","125,255","126,479","127,750","128,978","130,219","131,464","132,649","133,761","134,873","135,857","136,960","138,188","139,408","140,666","141,894","142,985","144,153","145,299","146,424","147,612","148,800","150,044","151,268","152,496","153,804","155,072","156,360","157,548","158,716","160,028","161,380","162,724","163,968","165,188","166,416","167,624","168,820","169,988","171,248","172,500","173,804","175,120","176,492","177,776"
"Maintenance and repair of the dwelling  [C143]","1,790","1,769","1,763","1,730","1,656","1,724","1,665","1,658","1,656","1,690","1,700","1,739","1,762","1,812","1,851","1,835","1,885","1,973","1,979","2,051","1,991","1,963","1,952","1,968","2,059","2,025","2,002","2,014","2,111","2,100","2,089","2,116","2,166","2,166","2,155","2,193","2,260","2,270","2,292","2,293","2,315","2,332","2,381","2,392","2,381","2,397","2,380","2,424","2,386","2,444","2,487","2,535","2,525","2,525","2,520","2,506","2,511","2,592","2,678","2,669","2,711","2,755","2,750","2,774","2,874","2,935","2,974","2,979","3,010","3,058","3,115","3,146","3,189","3,220","3,250","3,063","2,924","2,985","2,981","3,024","3,089","3,033","3,016","3,024","3,042","3,011","3,003","3,047","3,040","2,988","2,988","2,996","3,012","2,952","3,028","2,956","3,008","2,992","3,072","3,084","3,120","3,176","3,152","3,148","3,200","3,168","3,176","3,228","3,228","3,268","3,380","3,412","3,352"
"Water supply and sanitation services  [C144]","4,522","4,595","4,711","4,725","4,624","4,522","4,420","4,420","4,347","4,307","4,288","4,258","4,268","4,229","4,249","4,268","4,307","4,337","4,366","4,396","4,415","4,445","4,415","4,396","4,425","4,425","4,435","4,464","4,487","4,503","4,519","4,536","4,626","4,708","4,789","4,847","4,880","4,904","4,920","4,929","5,002","5,043","5,068","5,101","5,141","5,174","5,207","5,232","5,246","5,268","5,297","5,304","5,311","5,304","5,297","5,304","5,311","5,332","5,354","5,397","5,440","5,476","5,519","5,547","5,590","5,612","5,633","5,641","5,635","5,629","5,624","5,624","5,646","5,657","5,712","5,717","5,712","5,717","5,728","5,695","5,717","5,734","5,761","5,750","5,783","5,789","5,761","5,756","5,788","5,816","5,832","5,856","5,892","5,912","5,952","5,956","5,964","6,004","6,044","6,092","6,120","6,168","6,220","6,276","6,320","6,332","6,360","6,396","6,444","6,500","6,556","6,608","6,664"
"Electricity, gas and other fuels  [C145]","24,677","25,643","25,617","25,121","24,624","24,917","25,715","25,241","25,140","25,232","24,653","25,904","26,135","25,555","26,092","26,916","27,908","25,905","25,302","24,843","25,040","25,371","25,786","26,173","26,427","26,923","26,679","26,794","26,058","26,728","25,641","24,622","23,654","23,878","24,671","24,108","24,612","25,034","25,437","24,363","24,960","25,646","25,913","26,450","25,416","24,722","24,337","23,438","24,512","25,600","24,778","26,364","26,371","25,856","26,135","25,701","26,024","25,421","25,930","26,568","26,294","25,969","26,452","25,677","24,926","24,982","25,505","24,872","26,081","26,585","26,453","26,774","26,501","26,151","26,384","26,415","26,674","25,987","25,986","26,407","25,366","25,175","26,223","25,950","26,228","26,736","27,082","25,412","25,258","25,282","25,520","26,320","25,694","25,703","25,998","27,068","27,447","26,553","25,862","26,070","27,410","25,911","25,971","25,798","25,495","25,740","25,965","25,666","25,811","26,400","26,628","26,742","27,001"
"Furnishings, household equipment and other goods and services related to the dwelling and property  [C15]","29,298","28,813","28,456","28,290","26,353","27,148","26,767","26,744","26,707","26,896","26,957","27,267","27,574","27,593","27,813","27,829","28,565","28,944","29,150","29,807","29,598","29,235","29,397","29,025","29,499","29,360","29,371","29,908","30,629","31,036","31,461","31,462","32,363","32,524","32,628","32,946","33,260","33,500","34,122","34,161","34,936","35,295","35,750","35,984","36,774","36,822","36,987","37,903","38,730","39,123","39,094","39,956","40,370","40,758","41,162","41,480","42,537","42,874","43,615","43,808","44,544","45,059","45,219","45,865","47,231","48,123","48,812","49,369","50,177","50,657","51,099","52,004","52,500","52,936","53,628","52,233","50,951","50,748","51,417","52,179","53,286","52,911","52,488","52,902","52,637","53,300","53,311","53,687","53,840","53,444","53,484","53,632","54,272","54,483","55,088","55,202","55,450","56,737","57,503","57,470","57,396","57,464","57,673","58,282","58,612","58,529","58,599","59,433","60,512","61,523","61,776","62,433","62,325"
"Furniture, furnishings, carpets and other floor coverings  [C151]","7,824","7,646","7,426","7,547","6,592","6,911","6,814","6,632","6,534","6,538","6,397","6,456","6,590","6,538","6,567","6,547","6,744","6,836","6,831","6,954","7,025","6,895","6,955","6,855","6,915","6,904","6,926","7,151","7,453","7,564","7,702","7,711","8,023","8,030","8,022","8,134","8,307","8,394","8,643","8,656","8,931","9,108","9,204","9,274","9,688","9,578","9,682","9,968","10,248","10,303","10,313","10,749","10,753","10,789","10,957","11,061","11,466","11,514","11,821","11,899","12,146","12,234","12,160","12,476","13,079","13,323","13,498","13,699","13,985","14,163","14,263","14,522","14,678","14,771","14,963","14,315","13,634","13,530","14,047","14,425","15,020","14,685","14,425","14,614","14,489","15,129","15,051","15,147","15,316","15,156","15,112","15,056","15,320","15,308","15,102","15,119","15,262","16,284","16,528","16,556","16,356","16,553","16,745","17,066","17,250","17,294","17,034","17,510","17,906","17,950","18,167","18,538","18,539"
"Household textiles  [C152]","1,765","1,719","1,674","1,664","1,649","1,684","1,659","1,659","1,655","1,630","1,655","1,685","1,689","1,689","1,701","1,714","1,811","1,811","1,857","1,928","1,861","1,874","1,928","1,924","1,945","1,932","1,911","1,937","1,910","1,986","2,026","2,048","2,088","2,074","2,048","2,079","2,012","2,026","2,088","2,057","2,088","2,123","2,168","2,190","2,257","2,265","2,261","2,261","2,414","2,382","2,324","2,390","2,455","2,472","2,488","2,484","2,545","2,516","2,512","2,508","2,537","2,586","2,590","2,598","2,676","2,770","2,798","2,835","2,874","2,921","2,981","2,989","2,993","3,052","3,096","2,985","2,874","2,898","2,902","2,937","3,045","3,064","3,025","3,068","3,017","3,017","3,017","3,080","3,088","3,056","3,144","3,168","3,116","3,088","3,084","3,140","3,196","3,300","3,316","3,336","3,388","3,348","3,372","3,380","3,392","3,388","3,340","3,348","3,392","3,468","3,496","3,540","3,476"
"Household appliances  [C153]","2,836","2,744","2,730","2,717","2,431","2,645","2,670","2,702","2,727","2,769","2,818","2,860","2,887","2,849","2,894","2,846","2,874","2,951","2,937","3,062","3,031","2,950","2,943","2,890","2,947","2,918","2,961","3,051","3,122","3,206","3,272","3,280","3,387","3,411","3,471","3,525","3,606","3,630","3,704","3,745","3,807","3,873","3,895","3,891","4,009","4,044","4,054","4,245","4,321","4,442","4,408","4,501","4,533","4,636","4,729","4,770","4,881","4,874","5,018","4,957","5,129","5,241","5,284","5,413","5,634","5,737","5,873","5,940","6,116","6,185","6,311","6,498","6,635","6,711","6,899","6,787","6,632","6,612","6,773","6,940","6,907","6,800","6,786","6,960","6,942","7,014","6,947","6,993","6,996","6,960","6,992","7,076","7,268","7,440","7,569","7,557","7,769","7,849","7,923","7,724","7,780","7,632","7,559","7,700","7,776","7,777","8,010","8,049","8,446","8,670","8,614","8,903","8,971"
"Tools and equipment for house and garden  [C154]","2,768","2,738","2,728","2,667","2,474","2,485","2,425","2,410","2,379","2,396","2,424","2,467","2,524","2,618","2,662","2,671","2,782","2,866","2,892","2,985","2,928","2,906","2,911","2,910","3,029","3,006","2,971","3,015","3,192","3,193","3,206","3,197","3,291","3,273","3,273","3,325","3,343","3,335","3,352","3,335","3,405","3,423","3,512","3,555","3,591","3,609","3,578","3,680","3,716","3,712","3,737","3,810","3,877","3,922","3,921","3,908","4,023","4,101","4,213","4,277","4,287","4,369","4,393","4,439","4,554","4,722","4,770","4,836","4,843","4,879","4,907","5,037","5,075","5,103","5,212","4,952","4,809","4,818","4,790","4,837","4,965","4,915","4,813","4,813","4,875","4,916","4,994","4,998","5,008","4,960","4,924","4,880","4,948","5,028","5,156","5,304","5,125","5,249","5,344","5,316","5,235","5,168","5,117","5,293","5,293","5,216","5,328","5,512","5,640","5,860","5,753","5,596","5,688"
"Other goods and services related to the dwelling and property  [C155]","14,397","14,305","14,275","14,008","13,712","13,830","13,569","13,764","13,860","14,029","14,156","14,292","14,358","14,397","14,484","14,577","14,891","14,998","15,184","15,409","15,258","15,140","15,192","14,972","15,200","15,136","15,120","15,239","15,409","15,525","15,682","15,646","15,976","16,155","16,229","16,278","16,359","16,481","16,681","16,706","17,038","17,068","17,285","17,395","17,487","17,605","17,687","17,993","18,260","18,514","18,552","18,699","18,971","19,157","19,263","19,457","19,798","20,073","20,215","20,343","20,599","20,780","20,963","21,074","21,366","21,639","21,936","22,114","22,399","22,538","22,656","22,970","23,121","23,301","23,449","23,221","23,076","22,966","22,945","23,060","23,353","23,468","23,473","23,470","23,338","23,224","23,303","23,470","23,432","23,312","23,312","23,452","23,620","23,621","24,185","24,092","24,113","24,064","24,399","24,540","24,642","24,760","24,872","24,839","24,898","24,850","24,885","25,011","25,131","25,573","25,747","25,867","25,667"
"Health  [C16]","15,772","15,843","16,124","16,033","16,076","16,116","16,204","16,516","16,402","16,410","16,410","16,455","17,203","17,177","17,188","17,047","17,101","17,170","17,399","17,502","18,201","18,673","19,065","19,524","19,118","19,171","19,365","19,840","20,528","20,987","21,737","21,759","22,266","22,690","22,788","22,723","23,095","23,368","23,828","24,128","24,448","24,825","25,038","25,291","25,809","26,201","26,540","27,027","27,747","28,012","28,327","28,520","28,736","29,059","29,361","29,746","30,452","30,735","31,054","31,497","32,014","32,369","32,624","33,022","33,557","34,354","35,024","35,213","36,054","36,305","36,861","37,306","37,612","37,994","38,413","38,803","39,030","39,055","39,289","39,424","39,824","40,282","40,517","40,885","41,048","41,172","41,201","41,697","41,603","41,996","42,548","42,612","42,833","43,268","43,671","44,273","44,239","44,316","44,782","45,087","45,525","45,778","46,153","46,632","46,987","47,340","47,519","47,741","48,258","48,610","48,968","49,172","49,692"
"Medical products, appliances and equipment  [C161]","6,298","6,344","6,499","6,370","6,355","6,369","6,447","6,753","6,762","6,924","6,948","6,977","7,419","7,367","7,348","7,234","7,329","7,386","7,548","7,600","7,695","7,833","7,938","8,119","8,070","8,051","8,151","8,346","8,635","8,778","9,167","9,069","9,385","9,629","9,672","9,602","9,829","9,935","10,149","10,301","10,478","10,745","10,815","10,894","11,158","11,352","11,523","11,852","12,344","12,510","12,722","12,884","13,105","13,335","13,560","13,802","14,252","14,343","14,491","14,712","15,036","15,236","15,371","15,657","16,009","16,592","17,047","17,065","17,712","17,798","18,177","18,421","18,576","18,783","19,016","19,158","19,248","19,200","19,370","19,443","19,740","20,082","20,169","20,441","20,587","20,725","20,754","21,148","20,876","21,128","21,596","21,616","21,728","22,108","22,459","23,075","23,010","23,085","23,528","23,765","24,065","24,199","24,488","24,901","25,021","25,207","25,283","25,379","25,850","26,201","26,490","26,588","26,870"
"Out-patient services  [C162]","8,236","8,254","8,338","8,402","8,458","8,458","8,449","8,365","8,314","8,091","8,056","8,056","8,307","8,321","8,335","8,293","8,265","8,293","8,384","8,516","9,046","9,360","9,646","9,869","9,758","9,827","9,897","10,155","10,645","11,000","11,354","11,487","11,594","11,727","11,778","11,790","11,917","12,087","12,321","12,448","12,537","12,574","12,676","12,846","13,087","13,270","13,416","13,511","13,686","13,774","13,852","13,863","13,819","13,879","13,929","14,023","14,206","14,394","14,538","14,748","14,908","15,041","15,146","15,235","15,384","15,528","15,710","15,865","16,015","16,160","16,315","16,498","16,620","16,784","16,958","17,188","17,343","17,427","17,470","17,503","17,573","17,657","17,789","17,855","17,850","17,808","17,794","17,887","18,040","18,144","18,204","18,232","18,308","18,348","18,396","18,408","18,436","18,444","18,480","18,556","18,688","18,796","18,876","18,956","19,184","19,348","19,444","19,564","19,636","19,648","19,720","19,812","20,036"
"Hospital services  [C163]","1,734","1,734","1,764","1,783","1,803","1,832","1,832","1,841","1,738","1,732","1,732","1,745","1,759","1,787","1,814","1,849","1,807","1,780","1,732","1,649","1,821","1,876","1,911","1,980","1,669","1,690","1,711","1,745","1,667","1,654","1,648","1,674","1,732","1,764","1,770","1,777","1,777","1,783","1,796","1,815","1,860","1,905","1,957","1,976","1,983","1,996","2,015","2,047","2,054","2,054","2,060","2,060","2,065","2,077","2,082","2,116","2,161","2,178","2,206","2,218","2,235","2,251","2,263","2,268","2,285","2,319","2,330","2,359","2,364","2,392","2,397","2,411","2,440","2,449","2,459","2,482","2,468","2,463","2,478","2,506","2,530","2,553","2,572","2,596","2,615","2,639","2,653","2,658","2,688","2,724","2,748","2,764","2,796","2,816","2,828","2,820","2,820","2,816","2,820","2,820","2,832","2,844","2,860","2,864","2,864","2,868","2,872","2,876","2,876","2,888","2,900","2,912","2,928"
"Transport  [C17]","88,754","85,012","83,597","80,800","78,934","84,287","82,495","80,366","81,759","81,634","82,473","82,396","81,594","82,517","83,537","83,696","85,890","85,289","84,963","88,194","85,073","84,917","87,561","87,683","88,775","88,812","89,281","93,557","95,790","97,843","98,978","103,592","97,901","103,043","103,426","103,289","105,551","105,444","108,246","109,658","110,472","110,976","113,682","109,535","111,242","111,810","110,815","115,283","118,055","118,382","118,210","121,488","120,864","120,577","122,558","118,378","120,874","121,411","121,952","123,983","125,050","125,911","126,183","125,230","126,146","128,242","130,882","132,160","131,575","136,118","135,203","137,483","143,214","141,128","138,491","133,681","131,951","136,239","139,559","141,486","141,061","141,290","143,901","146,028","143,946","144,491","145,268","148,038","150,199","148,161","148,142","149,143","151,119","154,962","156,856","158,218","158,235","161,313","163,232","163,909","162,534","165,279","169,271","171,719","172,076","171,303","172,103","173,882","177,101","181,224","182,708","183,834","183,454"
"Purchase of vehicles  [C171]","30,000","27,934","27,616","26,481","26,024","29,863","28,818","25,812","27,563","26,526","27,712","27,268","26,320","26,643","27,197","26,984","27,620","27,313","26,386","28,325","26,019","26,212","27,542","27,515","27,463","27,707","28,025","30,979","31,690","32,983","33,847","37,935","32,417","35,808","35,929","35,102","36,306","36,392","38,371","39,643","39,800","40,190","41,834","37,721","38,931","39,906","39,901","43,442","44,634","45,267","44,925","46,662","45,824","46,526","48,318","44,270","45,267","45,580","45,446","46,431","46,856","47,462","47,877","46,670","47,806","48,069","49,762","50,221","49,785","52,469","51,355","52,853","57,364","56,479","54,346","49,385","48,596","52,556","55,316","55,825","54,737","54,202","56,251","57,053","55,096","54,730","54,618","56,860","59,913","57,525","57,623","57,996","59,661","62,485","62,810","62,415","62,842","65,272","66,885","66,045","64,358","66,714","70,103","71,843","71,301","70,126","70,272","71,822","74,147","75,940","76,743","77,110","77,093"
"Operation of transport equipment  [C172]","46,332","45,253","44,980","43,385","42,837","43,945","43,516","45,019","44,205","45,450","44,859","45,655","46,559","47,218","47,281","48,003","49,094","48,944","49,824","50,514","50,236","49,347","50,127","50,676","51,688","50,861","50,760","51,303","51,752","52,197","52,181","50,914","53,126","53,730","54,199","55,063","56,691","56,545","56,880","56,552","57,362","56,926","57,563","58,419","58,782","58,623","57,703","58,602","60,400","59,565","59,892","60,298","61,366","61,109","60,312","60,830","61,854","61,620","62,335","63,253","63,505","63,634","62,938","63,415","62,976","64,593","65,289","65,809","65,673","67,040","67,057","67,369","67,839","67,031","66,704","66,796","66,693","66,558","66,479","67,829","68,334","68,764","68,994","69,816","69,405","70,282","71,114","71,401","70,195","70,548","70,575","71,006","71,232","72,266","73,843","75,400","74,613","75,030","75,097","76,452","76,609","76,783","77,157","77,685","78,512","78,550","78,599","78,785","79,206","81,115","81,137","81,778","81,179"
"Transport services  [C173]","14,735","14,425","13,541","13,451","12,533","12,453","12,249","12,448","12,386","12,530","12,391","12,211","11,857","11,857","12,134","12,000","12,530","12,441","12,637","12,821","12,936","13,201","13,514","13,260","13,663","14,002","14,128","14,064","15,038","15,022","15,012","15,122","15,213","15,334","15,216","15,572","15,042","14,929","14,842","14,825","14,817","15,153","15,280","15,622","15,513","14,970","14,708","13,958","13,827","13,978","13,982","14,723","14,304","13,373","13,743","14,190","14,614","14,959","15,067","15,143","15,489","15,520","15,923","15,943","15,928","16,298","16,399","16,693","16,726","17,009","17,337","17,682","18,174","17,784","17,622","17,802","17,057","17,266","17,718","17,822","18,040","18,419","18,625","19,113","19,425","19,463","19,521","19,764","20,092","20,088","19,944","20,140","20,224","20,208","20,207","20,404","20,777","21,017","21,257","21,455","21,693","21,764","21,819","21,923","22,103","22,560","23,134","23,062","23,384","23,797","24,385","24,517","24,730"
"Communications  [C18]","8,519","8,634","8,804","8,965","8,806","8,920","8,925","8,912","9,120","9,186","9,252","9,275","9,365","9,376","9,449","9,506","9,628","9,715","9,749","9,697","10,207","10,463","10,602","10,765","10,884","10,918","11,066","11,144","11,355","11,414","11,602","11,579","11,707","12,105","12,440","12,660","12,797","13,070","13,185","13,703","14,204","14,584","14,782","14,999","15,171","15,394","15,712","16,151","16,650","17,043","17,245","17,367","17,602","17,683","17,804","17,993","18,370","18,695","18,924","19,188","19,505","19,927","20,258","20,586","20,907","21,137","21,417","21,649","21,759","21,851","21,998","22,261","22,182","22,364","22,751","23,152","23,758","23,989","24,140","24,091","23,966","23,997","24,197","24,570","24,927","25,125","25,249","25,317","25,320","25,396","25,592","25,928","26,173","26,408","26,493","26,497","26,425","26,426","26,500","26,593","26,608","26,675","26,828","26,927","27,276","27,597","28,040","28,443","28,934","29,498","29,956","30,354","30,642"
"Communications  [C181]","8,519","8,634","8,804","8,965","8,806","8,920","8,925","8,912","9,120","9,186","9,252","9,275","9,365","9,376","9,449","9,506","9,628","9,715","9,749","9,697","10,207","10,463","10,602","10,765","10,884","10,918","11,066","11,144","11,355","11,414","11,602","11,579","11,707","12,105","12,440","12,660","12,797","13,070","13,185","13,703","14,204","14,584","14,782","14,999","15,171","15,394","15,712","16,151","16,650","17,043","17,245","17,367","17,602","17,683","17,804","17,993","18,370","18,695","18,924","19,188","19,505","19,927","20,258","20,586","20,907","21,137","21,417","21,649","21,759","21,851","21,998","22,261","22,182","22,364","22,751","23,152","23,758","23,989","24,140","24,091","23,966","23,997","24,197","24,570","24,927","25,125","25,249","25,317","25,320","25,396","25,592","25,928","26,173","26,408","26,493","26,497","26,425","26,426","26,500","26,593","26,608","26,675","26,828","26,927","27,276","27,597","28,040","28,443","28,934","29,498","29,956","30,354","30,642"
"Recreation and culture  [C19]","36,597","35,871","35,452","35,483","34,667","35,076","35,292","35,961","35,722","36,905","37,050","37,635","37,827","37,629","38,004","38,179","39,645","39,996","41,231","42,131","42,341","42,611","42,933","43,098","43,813","44,462","44,870","45,344","46,671","47,282","48,918","48,985","50,420","51,357","52,629","52,721","53,849","54,840","55,916","56,533","57,770","58,388","59,675","60,755","61,171","61,216","61,420","62,736","63,344","64,431","64,299","64,457","64,801","65,589","65,593","66,086","67,245","67,584","68,929","68,509","70,088","70,923","71,103","73,001","74,559","74,689","75,343","76,833","77,991","79,107","80,176","82,037","81,726","82,296","83,071","83,273","82,755","82,178","81,838","82,188","83,341","84,023","84,294","84,809","84,522","84,474","84,965","86,414","86,568","86,361","86,685","86,750","86,481","87,378","87,793","87,938","87,814","88,489","88,694","89,769","89,062","88,925","89,518","90,116","90,229","89,181","89,755","90,146","91,604","92,167","92,480","93,597","93,614"
"Audio-visual, photographic and information processing equipment  [C191]","2,162","2,150","2,105","2,197","2,104","2,192","2,252","2,229","2,228","2,287","2,325","2,395","2,402","2,351","2,380","2,388","2,463","2,523","2,590","2,687","2,733","2,724","2,787","2,808","2,876","2,963","3,044","3,135","3,171","3,255","3,433","3,485","3,579","3,711","3,834","3,891","4,047","4,249","4,350","4,517","4,716","4,833","4,944","5,080","5,253","5,288","5,330","5,517","5,639","5,782","5,807","5,958","6,089","6,235","6,399","6,439","6,728","6,896","7,058","7,133","7,454","7,642","7,850","8,161","8,549","8,756","9,069","9,385","9,649","10,085","10,364","10,726","11,124","11,464","11,803","11,862","11,507","11,276","11,511","12,078","12,481","12,714","13,086","13,586","13,676","13,707","13,698","14,220","14,043","14,264","14,180","14,189","14,284","14,629","14,650","14,716","14,963","15,037","15,155","15,449","15,269","14,831","15,040","15,180","15,217","15,377","15,410","15,798","16,225","16,642","16,736","17,198","17,480"
"Other major durables for recreation and culture  [C192]","3,963","3,913","3,834","3,633","3,413","3,389","3,339","3,420","3,273","3,592","3,466","3,565","3,501","3,505","3,447","3,466","3,515","3,527","3,672","3,865","3,881","3,912","3,935","3,835","3,885","3,875","3,793","3,834","4,011","4,059","4,126","4,138","4,295","4,359","4,440","4,495","4,704","4,574","4,708","4,444","4,629","4,783","4,952","5,055","5,002","5,093","4,933","5,035","5,318","5,219","5,159","5,133","5,326","5,397","5,374","5,196","5,428","5,418","5,473","5,546","5,642","5,744","5,793","5,742","6,024","6,300","6,383","6,164","6,371","6,788","6,731","6,806","6,798","6,810","6,854","6,810","6,509","6,404","6,362","6,243","6,381","6,432","6,552","6,410","6,259","6,498","6,651","6,755","6,692","6,828","6,796","6,924","7,185","7,164","7,127","7,045","7,090","7,107","7,291","7,642","7,401","7,097","7,168","7,210","7,382","7,133","7,066","7,226","7,446","7,699","7,604","7,643","7,430"
"Other recreational items and equipment, garden products and pets  [C193]","8,001","7,934","7,986","7,992","7,684","7,775","7,815","8,122","8,079","8,260","8,330","8,634","8,665","8,781","8,674","8,682","8,902","9,031","9,264","9,543","9,653","9,763","9,774","9,522","9,833","9,911","9,931","10,020","10,108","10,372","10,705","10,512","10,990","11,139","11,400","11,196","11,401","11,543","11,746","11,707","11,994","12,122","12,487","12,646","12,704","12,834","12,809","13,093","13,361","13,525","13,597","13,734","13,853","13,953","13,952","14,127","14,300","14,443","14,701","14,802","15,023","15,371","15,375","15,616","16,121","16,304","16,598","16,710","17,410","17,607","18,050","18,130","18,184","18,435","18,757","18,656","18,523","18,537","18,604","18,617","18,701","18,779","18,737","18,840","18,829","18,826","18,932","19,276","19,458","19,443","19,839","19,927","19,887","20,006","20,500","20,589","20,411","20,684","21,033","21,201","20,992","21,121","21,405","21,693","21,698","21,823","21,677","21,774","22,245","22,277","22,649","23,151","23,223"
"Recreational and cultural services  [C194]","20,087","19,272","18,899","18,827","19,321","19,436","19,443","19,915","19,972","20,704","20,759","20,634","20,895","20,729","21,494","21,745","23,085","23,108","24,090","24,219","24,124","24,368","24,575","25,354","25,364","26,006","26,475","26,714","27,720","27,827","28,846","29,135","29,552","30,016","30,890","31,035","31,438","32,003","32,549","33,280","33,696","33,819","34,304","35,038","35,136","34,770","35,131","35,801","35,464","36,495","36,276","35,896","35,583","36,052","35,695","36,239","36,513","36,324","37,229","36,368","37,201","37,248","36,958","38,413","38,431","37,687","37,459","38,760","38,620","38,314","38,685","39,964","38,918","38,716","38,656","38,975","39,358","39,105","38,505","38,235","38,739","38,999","38,815","38,759","38,580","38,393","38,634","39,136","39,383","38,904","38,980","38,962","38,465","38,856","38,697","38,873","38,676","38,891","38,571","38,867","38,919","39,361","39,547","39,718","39,725","38,963","39,634","39,477","39,920","39,776","39,849","40,234","40,194"
"Newspapers, books and stationery  [C195]","7,249","7,110","7,129","6,963","6,573","6,481","6,481","6,611","6,477","6,530","6,574","6,620","6,672","6,626","6,542","6,484","6,626","6,620","6,638","6,685","6,685","6,691","6,620","6,516","6,723","6,573","6,458","6,340","6,720","6,714","6,780","6,638","6,992","7,052","7,047","7,009","7,036","7,128","7,253","7,258","7,221","7,165","7,345","7,297","7,231","7,252","7,297","7,325","7,369","7,311","7,283","7,321","7,312","7,263","7,239","7,259","7,221","7,273","7,292","7,240","7,255","7,274","7,269","7,258","7,379","7,311","7,278","7,293","7,266","7,341","7,305","7,358","7,346","7,358","7,358","7,331","7,385","7,442","7,319","7,314","7,278","7,306","7,222","7,253","7,199","7,059","7,067","7,022","6,996","6,920","6,888","6,748","6,668","6,740","6,840","6,741","6,721","6,817","6,717","6,701","6,563","6,536","6,408","6,382","6,278","6,047","6,108","6,078","6,023","6,084","5,990","5,816","5,816"
"Education  [C21]","8,624","8,533","8,503","8,427","8,503","8,411","8,336","8,275","8,173","8,290","8,335","8,345","8,434","8,534","8,507","8,462","8,444","8,380","8,380","8,399","8,534","8,498","8,588","8,601","8,712","8,787","8,916","9,201","9,343","9,409","9,430","9,402","9,483","9,636","9,728","9,802","9,901","9,859","9,861","9,895","10,035","10,047","10,120","10,207","10,273","10,315","10,389","10,443","10,637","10,821","10,983","11,174","11,235","11,353","11,461","11,552","11,551","11,524","11,546","11,593","11,793","11,929","12,095","12,235","12,318","12,377","12,502","12,648","12,716","12,769","12,875","12,951","13,076","13,192","13,306","13,456","13,427","13,527","13,623","13,719","13,853","14,036","14,248","14,444","14,536","14,564","14,670","14,804","15,024","15,084","15,152","15,300","15,464","15,620","15,732","15,828","15,976","16,064","16,172","16,268","16,372","16,492","16,648","16,768","16,864","16,976","17,108","17,312","17,532","17,644","17,800","17,864","18,044"
"Education  [C211]","8,624","8,533","8,503","8,427","8,503","8,411","8,336","8,275","8,173","8,290","8,335","8,345","8,434","8,534","8,507","8,462","8,444","8,380","8,380","8,399","8,534","8,498","8,588","8,601","8,712","8,787","8,916","9,201","9,343","9,409","9,430","9,402","9,483","9,636","9,728","9,802","9,901","9,859","9,861","9,895","10,035","10,047","10,120","10,207","10,273","10,315","10,389","10,443","10,637","10,821","10,983","11,174","11,235","11,353","11,461","11,552","11,551","11,524","11,546","11,593","11,793","11,929","12,095","12,235","12,318","12,377","12,502","12,648","12,716","12,769","12,875","12,951","13,076","13,192","13,306","13,456","13,427","13,527","13,623","13,719","13,853","14,036","14,248","14,444","14,536","14,564","14,670","14,804","15,024","15,084","15,152","15,300","15,464","15,620","15,732","15,828","15,976","16,064","16,172","16,268","16,372","16,492","16,648","16,768","16,864","16,976","17,108","17,312","17,532","17,644","17,800","17,864","18,044"
"Food, beverage and accommodation services  [C22]","52,850","50,780","49,681","48,954","46,517","45,974","45,535","45,658","46,546","46,766","46,866","47,151","47,300","47,717","48,298","48,266","48,849","49,655","50,585","50,747","50,202","50,341","50,677","50,989","51,626","51,603","51,320","51,805","52,079","53,139","54,273","54,530","55,162","55,375","55,832","56,397","57,396","57,573","57,717","58,633","59,400","59,893","60,536","61,013","61,799","61,110","60,567","60,741","61,763","61,737","61,630","61,470","60,854","60,307","60,518","61,164","61,668","62,192","62,417","62,220","62,070","63,187","63,548","63,958","64,713","64,370","64,117","64,568","64,446","65,190","65,940","66,608","66,482","66,731","66,315","65,401","64,325","63,706","64,068","63,910","65,081","65,219","64,878","64,830","64,855","65,660","66,125","66,835","66,992","67,268","67,128","67,340","68,028","68,483","69,025","69,013","69,507","71,047","71,561","71,825","71,384","72,363","72,776","72,782","73,494","74,106","74,997","74,911","75,765","76,301","77,013","77,268","76,923"
"Food and beverage services  [C221]","46,538","44,530","43,406","42,636","40,290","39,777","39,218","39,341","40,183","40,422","40,663","40,827","40,700","41,041","41,628","41,564","42,059","42,835","43,658","43,866","43,469","43,595","43,728","44,183","44,826","44,622","44,349","44,697","44,941","45,882","47,076","47,217","47,628","48,081","48,428","48,839","49,833","50,169","50,352","51,259","51,904","52,393","52,917","53,346","54,117","53,453","53,023","53,109","53,943","53,762","53,642","53,627","52,866","52,777","52,824","53,193","53,635","54,084","54,291","54,016","53,687","54,735","54,954","55,241","55,929","55,567","55,291","55,640","55,503","56,157","56,801","57,482","57,400","57,624","57,208","56,424","55,460","54,960","55,164","55,015","55,972","55,979","55,590","55,491","55,447","56,079","56,494","57,128","57,324","57,544","57,432","57,596","58,220","58,555","59,017","59,041","59,491","60,928","61,399","61,614","61,266","62,194","62,614","62,678","63,274","63,694","64,263","64,098","65,030","65,319","65,836","66,088","65,710"
"Accommodation services  [C222]","6,384","6,300","6,307","6,338","6,231","6,200","6,315","6,315","6,361","6,342","6,203","6,323","6,600","6,676","6,669","6,701","6,789","6,820","6,928","6,883","6,739","6,751","6,946","6,814","6,814","6,984","6,972","7,104","7,135","7,256","7,212","7,322","7,536","7,316","7,421","7,569","7,585","7,443","7,410","7,432","7,552","7,563","7,678","7,728","7,755","7,722","7,613","7,695","7,879","8,020","8,030","7,898","8,020","7,592","7,748","8,015","8,077","8,152","8,171","8,241","8,406","8,481","8,617","8,735","8,805","8,819","8,838","8,937","8,949","9,041","9,147","9,142","9,100","9,126","9,121","8,991","8,877","8,759","8,915","8,906","9,117","9,244","9,290","9,340","9,408","9,581","9,631","9,707","9,668","9,724","9,696","9,744","9,808","9,928","10,008","9,972","10,016","10,120","10,164","10,212","10,120","10,172","10,168","10,112","10,228","10,416","10,732","10,808","10,736","10,976","11,168","11,172","11,204"
"Insurance and financial services  [C23]","34,360","34,757","34,922","35,039","35,478","35,946","36,386","36,560","37,288","37,383","38,163","38,270","38,785","39,568","40,479","41,458","43,075","42,883","43,246","42,978","43,737","44,343","44,950","45,058","46,842","47,123","47,435","48,923","50,541","50,315","50,551","51,238","51,650","52,347","53,325","53,909","54,166","54,818","55,289","55,751","56,455","56,891","57,291","57,363","57,588","57,907","58,729","59,713","61,207","61,399","61,401","61,594","61,336","61,660","62,150","63,059","64,149","65,288","65,943","66,925","67,884","68,656","69,632","70,569","71,449","71,808","72,409","74,473","76,840","77,467","77,389","78,112","79,018","78,473","78,441","75,119","74,061","75,316","76,738","77,804","78,783","80,422","81,751","82,451","83,922","84,561","84,015","83,689","83,793","84,003","84,673","85,443","86,391","87,264","87,594","88,181","89,810","91,485","92,299","93,442","95,218","96,468","96,493","97,389","98,374","100,068","101,186","101,834","103,022","103,883","105,455","108,112","108,544"
"Insurance  [C231]","12,741","12,873","12,856","12,836","12,943","13,158","13,253","13,372","13,889","13,931","14,101","14,082","14,087","14,334","14,606","14,788","14,897","15,068","15,166","15,316","15,451","15,582","15,714","15,956","16,035","16,026","16,107","16,283","16,574","16,531","16,702","16,736","16,666","16,718","16,900","17,137","17,129","17,285","17,302","17,584","17,619","17,675","17,635","17,621","17,719","17,872","17,996","18,098","18,185","18,330","18,440","18,613","18,741","18,921","18,998","19,268","19,311","19,464","19,538","19,657","19,797","19,866","19,909","20,073","20,171","20,235","20,256","20,422","20,651","20,794","20,993","21,104","21,203","21,273","21,339","21,619","21,617","21,835","21,981","22,054","22,156","22,403","22,661","22,836","22,830","23,088","23,282","23,526","23,869","24,016","24,212","24,360","24,600","24,839","25,015","25,007","25,185","25,326","25,482","25,551","25,574","25,779","25,883","26,026","25,999","26,543","26,858","26,991","27,166","27,320","27,409","27,580","27,840"
"Financial services indirectly measured  [C232]","13,041","13,201","13,325","13,325","13,264","13,326","13,403","13,318","13,287","13,350","13,467","13,574","13,555","13,569","13,701","13,708","14,083","14,479","14,450","14,289","14,791","14,889","14,953","14,788","15,258","15,525","15,553","15,409","15,910","15,942","15,643","15,628","15,724","16,088","16,478","16,437","16,465","16,583","16,807","16,751","16,888","17,113","17,361","17,275","17,441","17,474","17,795","17,988","18,163","18,367","18,650","18,853","18,981","19,180","19,352","19,462","19,550","19,726","19,894","20,021","20,061","20,157","20,397","20,542","20,829","20,953","21,046","21,516","21,705","21,935","21,729","21,886","22,405","22,993","22,129","21,392","22,156","22,448","22,571","22,334","23,439","23,796","23,956","23,761","24,296","25,055","24,628","24,028","23,477","23,844","23,988","23,954","24,306","24,417","24,034","24,166","24,499","24,931","24,723","24,827","25,207","25,759","25,635","25,548","26,154","26,437","25,976","26,243","26,535","26,414","27,223","27,636","27,520"
"Other financial services  [C233]","8,047","8,147","8,207","8,364","8,808","9,010","9,303","9,466","9,745","9,728","10,251","10,257","10,830","11,388","11,909","12,733","13,918","13,114","13,415","13,148","13,267","13,649","14,064","14,089","15,333","15,356","15,558","17,028","17,872","17,651","18,024","18,718","19,118","19,401","19,812","20,203","20,448","20,832","21,068","21,298","21,842","22,001","22,202","22,371","22,333","22,466","22,840","23,528","24,761","24,605","24,221","24,038","23,520","23,460","23,702","24,233","25,202","26,018","26,437","27,182","27,972","28,593","29,297","29,932","30,431","30,604","31,100","32,554","34,532","34,787","34,711","35,170","35,461","34,236","35,009","32,076","30,159","30,912","32,082","33,363","33,102","34,152","35,077","35,816","36,747","36,344","36,047","36,113","36,454","36,142","36,473","37,123","37,482","38,002","38,538","38,989","40,094","41,183","42,045","43,005","44,359","44,863","44,902","45,726","46,144","47,004","48,232","48,482","49,197","50,011","50,702","52,768","53,046"
"Miscellaneous goods and services  [C24]","29,527","29,178","29,457","29,263","28,844","29,213","29,230","29,615","29,455","29,578","29,620","29,829","30,192","30,105","30,102","30,363","30,904","31,142","31,586","31,861","32,153","32,399","32,589","32,524","32,977","33,219","33,484","33,800","33,926","33,942","34,403","34,440","35,208","35,475","35,667","35,728","36,438","36,530","36,874","37,155","37,397","37,519","37,987","38,477","38,627","38,912","39,099","39,543","40,590","40,861","40,941","40,914","41,346","41,736","41,997","42,390","43,204","43,330","43,570","43,857","44,381","44,830","45,207","45,718","46,473","46,936","47,146","47,340","47,916","48,488","49,100","49,387","49,750","50,159","50,245","49,807","49,560","49,798","49,941","49,943","50,113","50,541","50,516","50,670","51,127","51,123","51,188","51,288","51,500","51,584","51,800","52,140","52,224","52,640","53,184","53,449","53,697","54,177","54,583","54,870","54,949","55,280","55,744","55,685","55,751","56,081","56,654","56,902","57,300","58,205","58,214","58,690","58,535"
"Personal care  [C241]","12,476","12,419","12,495","12,202","12,156","12,153","12,139","12,395","12,331","12,511","12,437","12,533","12,732","12,654","12,653","12,616","12,833","13,011","13,294","13,393","13,447","13,449","13,556","13,630","13,865","13,920","13,962","14,066","14,180","14,210","14,473","14,448","14,710","14,912","14,953","14,918","15,152","15,241","15,363","15,463","15,560","15,727","15,939","16,146","16,254","16,399","16,484","16,613","17,283","17,444","17,541","17,522","17,746","18,080","18,231","18,457","18,902","19,063","19,255","19,411","19,571","19,787","20,023","20,190","20,547","20,797","20,898","21,064","21,327","21,621","21,999","22,234","22,216","22,415","22,454","22,260","22,081","22,219","22,223","22,120","22,085","22,325","22,308","22,325","22,449","22,421","22,537","22,499","22,472","22,504","22,576","22,720","22,754","23,020","23,326","23,362","23,507","23,779","23,911","23,996","24,103","24,266","24,615","24,436","24,620","24,702","24,900","25,047","25,001","25,564","25,718","26,103","25,741"
"Personal effects  [C242]","4,271","4,156","4,234","4,263","4,008","4,125","4,187","4,229","4,102","4,033","4,051","4,102","4,196","4,231","4,192","4,294","4,354","4,354","4,406","4,435","4,490","4,563","4,572","4,451","4,551","4,589","4,714","4,753","4,748","4,821","4,981","5,039","5,198","5,171","5,171","5,135","5,379","5,336","5,393","5,490","5,585","5,520","5,647","5,787","5,835","5,829","5,693","5,825","5,994","6,102","6,047","6,048","6,145","6,125","6,175","6,230","6,392","6,411","6,370","6,380","6,386","6,544","6,562","6,696","6,952","7,078","6,990","6,848","6,990","7,150","7,215","7,140","7,232","7,364","7,341","7,012","6,807","6,766","6,794","6,739","6,819","6,832","6,786","6,889","6,879","6,884","6,847","6,920","6,932","6,896","6,856","6,892","6,700","6,748","6,820","6,923","6,950","6,937","7,009","7,085","7,226","7,342","7,410","7,274","7,249","7,289","7,564","7,612","7,778","7,976","7,713","7,591","7,720"
"Social services  [C243]","7,431","7,317","7,364","7,450","7,326","7,480","7,499","7,469","7,440","7,421","7,434","7,489","7,407","7,421","7,474","7,563","7,678","7,805","7,939","8,014","8,181","8,249","8,316","8,383","8,543","8,678","8,691","8,753","8,678","8,689","8,701","8,718","8,843","8,943","9,027","9,109","9,215","9,335","9,434","9,513","9,541","9,576","9,638","9,695","9,753","9,829","9,929","10,015","10,083","10,142","10,170","10,175","10,148","10,153","10,154","10,171","10,276","10,310","10,373","10,452","10,539","10,587","10,609","10,682","10,726","10,798","10,861","10,943","11,038","11,195","11,237","11,314","11,404","11,447","11,481","11,536","11,656","11,680","11,699","11,694","11,779","11,822","11,875","11,983","12,037","12,103","12,136","12,184","12,272","12,332","12,444","12,532","12,588","12,640","12,688","12,760","12,832","12,916","12,997","13,045","13,081","13,145","13,209","13,301","13,393","13,485","13,605","13,701","13,812","13,928","14,016","14,136","14,255"
"Other services  [C244]","5,412","5,347","5,421","5,447","5,485","5,612","5,548","5,639","5,732","5,758","5,864","5,864","5,989","5,929","5,923","6,047","6,206","6,133","6,093","6,172","6,199","6,316","6,322","6,238","6,185","6,211","6,297","6,414","6,496","6,387","6,393","6,381","6,612","6,597","6,676","6,742","6,868","6,793","6,863","6,869","6,887","6,862","6,921","7,001","6,931","7,002","7,151","7,252","7,353","7,287","7,292","7,282","7,406","7,457","7,509","7,595","7,682","7,584","7,605","7,646","7,920","7,943","8,035","8,175","8,267","8,281","8,410","8,492","8,569","8,532","8,651","8,696","8,899","8,935","8,972","8,994","9,013","9,127","9,220","9,386","9,430","9,559","9,545","9,475","9,760","9,714","9,668","9,685","9,824","9,852","9,924","9,996","10,184","10,236","10,356","10,408","10,412","10,552","10,672","10,748","10,548","10,540","10,532","10,684","10,508","10,620","10,600","10,560","10,713","10,756","10,789","10,889","10,829"
"Net expenditure abroad  [C25]","4,364","2,696","4,481","5,545","3,302","4,881","5,551","8,625","5,588","4,636","4,753","3,024","2,559","2,249","1,715","1,000","-647","-1,784","-4,170","-4,000","-4,717","-4,109","-3,823","-4,878","-3,469","-5,587","-5,502","-4,895","-4,006","-5,372","-4,878","-5,938","-6,766","-8,554","-10,537","-11,214","-10,691","-9,387","-9,869","-9,599","-10,189","-9,899","-9,764","-9,729","-9,898","-10,866","-9,534","-10,851","-12,513","-9,682","-9,888","-10,971","-8,834","-4,610","-3,878","-3,760","-4,742","-5,999","-5,867","-5,148","-2,672","-2,078","-1,291","166","1,543","1,271","2,160","3,259","2,208","3,638","6,437","11,652","9,651","8,793","8,028","5,780","6,234","8,365","10,419","11,137","12,318","15,160","14,031","16,309","16,571","16,138","15,960","15,411","16,444","17,000","18,320","17,804","17,120","17,156","16,560","15,956","15,176","13,992","14,080","14,424","13,172","11,656","11,156","11,372","7,084","7,384","8,064","8,420","7,052","6,964","9,296","8,604","8,732"
"Expenditure by Canadians abroad  [C251]","20,475","20,099","20,820","22,220","19,741","20,601","21,435","24,027","22,065","21,274","20,958","18,977","18,785","19,096","19,609","18,447","16,849","16,753","15,393","16,149","15,523","16,313","16,843","16,793","17,916","16,832","17,007","17,272","17,511","17,341","17,616","17,102","16,766","16,361","14,749","14,806","15,499","15,686","16,339","17,058","16,875","17,110","17,184","17,711","18,452","17,472","17,372","15,381","15,434","16,972","17,263","17,169","16,763","16,482","19,009","20,456","20,484","20,477","20,803","21,716","23,396","23,080","23,830","25,162","26,277","26,183","26,575","27,370","26,502","27,709","30,536","35,848","33,407","32,669","31,570","28,872","28,575","29,570","31,410","32,444","34,501","36,963","36,650","38,891","38,082","39,124","39,256","38,879","40,065","40,429","41,473","41,297","41,124","41,060","40,792","40,504","39,396","40,064","40,152","40,784","39,992","39,480","38,196","38,452","36,484","37,532","38,724","39,376","38,344","38,668","40,884","40,952","40,892"
"Expenditure by non-residents in Canada  [C252]","-16,111","-17,403","-16,339","-16,675","-16,439","-15,720","-15,884","-15,402","-16,477","-16,638","-16,205","-15,953","-16,226","-16,847","-17,894","-17,447","-17,496","-18,537","-19,563","-20,149","-20,240","-20,422","-20,666","-21,671","-21,385","-22,419","-22,509","-22,167","-21,517","-22,713","-22,494","-23,040","-23,532","-24,915","-25,286","-26,020","-26,190","-25,073","-26,208","-26,657","-27,064","-27,009","-26,948","-27,440","-28,350","-28,338","-26,906","-26,232","-27,947","-26,654","-27,151","-28,140","-25,597","-21,092","-22,887","-24,216","-25,226","-26,476","-26,670","-26,864","-26,068","-25,158","-25,121","-24,996","-24,734","-24,912","-24,415","-24,111","-24,294","-24,071","-24,099","-24,196","-23,756","-23,876","-23,542","-23,092","-22,341","-21,205","-20,991","-21,307","-22,183","-21,803","-22,619","-22,582","-21,511","-22,986","-23,296","-23,468","-23,621","-23,429","-23,153","-23,493","-24,004","-23,904","-24,232","-24,548","-24,220","-26,072","-26,072","-26,360","-26,820","-27,824","-27,040","-27,080","-29,400","-30,148","-30,660","-30,956","-31,292","-31,704","-31,588","-32,348","-32,160"
"Household final consumption expenditure  [C]","554,046","547,349","547,376","545,467","534,089","543,037","542,556","545,614","545,600","547,725","550,621","552,618","555,603","557,725","561,534","563,122","572,744","573,588","576,082","582,772","582,490","586,815","593,048","593,009","600,893","601,632","603,551","613,979","623,617","628,444","636,756","641,220","641,880","650,067","653,632","655,070","664,192","670,392","678,376","684,957","692,463","698,483","707,365","708,579","714,392","715,537","717,183","725,892","736,646","745,602","747,115","754,630","758,664","765,296","772,438","773,882","784,209","788,114","795,440","801,861","813,035","820,058","825,517","833,352","845,036","852,667","862,048","870,951","878,693","891,981","900,362","916,872","924,095","925,145","925,694","914,495","911,646","919,610","929,661","936,029","946,496","954,546","962,245","970,991","972,728","977,054","981,039","987,066","992,771","993,919","1,000,006","1,005,516","1,011,863","1,021,213","1,028,792","1,035,215","1,038,695","1,048,213","1,055,843","1,063,496","1,065,536","1,070,760","1,078,753","1,086,341","1,086,985","1,091,277","1,098,903","1,107,216","1,118,489","1,132,225","1,143,236","1,152,568","1,155,482"
"Goods  [CG]","259,465","255,854","254,926","251,793","245,060","250,904","249,439","247,976","248,571","249,159","250,327","252,723","253,884","254,163","254,872","255,233","261,157","261,513","262,802","267,376","265,619","266,723","269,767","268,913","271,421","272,336","272,377","278,112","281,677","285,642","289,708","293,132","291,341","297,876","300,124","299,170","304,722","307,230","312,734","315,374","319,402","322,149","327,237","325,135","328,368","330,294","328,884","336,059","343,101","345,676","345,540","351,845","353,641","355,520","358,736","355,349","361,392","362,738","365,931","368,885","372,768","375,141","375,976","377,292","383,140","388,693","394,226","395,552","399,810","407,646","409,638","415,291","421,997","422,752","422,374","415,667","413,108","416,138","420,503","423,230","427,867","428,353","433,772","436,881","434,800","436,110","438,502","442,076","443,771","442,589","444,795","447,377","450,833","455,691","460,842","465,008","465,113","470,166","473,964","477,111","476,998","478,812","484,838","488,782","490,115","489,652","490,821","495,745","503,042","512,530","515,075","518,776","519,082"
"Durable goods  [CD]","54,274","52,031","51,363","50,631","48,131","51,971","51,330","49,261","49,893","49,849","50,595","50,870","50,424","50,633","51,188","51,143","52,419","52,678","52,343","54,848","52,800","52,660","54,300","54,248","54,471","54,866","55,502","58,775","60,178","61,917","63,513","67,064","63,168","66,758","67,218","66,943","69,324","69,728","72,419","73,608","75,200","76,242","78,544","75,477","77,508","78,510","78,103","82,580","85,049","85,736","85,344","87,773","87,785","88,947","91,191","87,496","90,004","90,568","91,370","92,706","94,130","95,583","96,272","96,019","98,772","100,801","103,624","104,617","105,131","109,291","108,601","111,123","116,500","116,103","115,392","109,208","106,398","109,302","112,943","115,069","115,189","114,492","116,832","118,760","116,545","117,768","117,678","120,724","123,226","120,884","120,710","121,224","123,803","127,398","127,956","127,904","128,929","133,000","135,684","135,875","133,366","135,328","139,200","141,962","142,690","141,269","141,449","144,608","149,323","152,947","153,629","155,203","155,333"
"Semi-durable goods  [CSD]","34,936","34,272","33,991","33,562","31,456","32,118","31,715","32,014","31,701","31,764","32,221","32,650","32,801","33,099","33,163","33,115","33,589","33,949","34,799","35,475","35,949","36,167","36,286","35,541","36,090","36,282","36,369","36,699","37,325","37,349","38,285","38,049","39,464","39,564","39,986","39,747","40,395","40,832","41,453","41,458","42,298","42,610","43,663","43,869","44,315","45,178","44,748","45,949","47,055","47,379","46,997","47,946","48,777","49,218","49,430","49,360","50,559","50,941","51,769","51,656","52,925","53,691","53,656","54,685","56,621","57,642","58,453","58,936","60,428","60,911","62,167","62,574","63,268","64,358","64,827","64,669","63,603","63,643","63,837","63,984","66,945","66,512","67,894","68,543","68,621","68,770","69,588","70,759","71,412","70,868","71,903","72,153","72,818","72,896","74,642","75,915","74,887","76,249","77,115","77,666","77,858","78,954","79,475","80,780","81,102","80,168","79,975","80,388","81,454","82,974","83,702","84,326","84,022"
"Non-durable goods  [CND]","178,889","179,194","179,603","177,580","176,720","176,880","176,740","177,602","177,903","178,599","178,107","179,926","181,808","181,318","181,228","181,830","186,422","185,816","186,500","186,992","187,324","188,577","189,524","189,813","191,678","191,856","190,716","192,020","193,168","195,277","196,221","195,183","196,836","199,064","200,431","200,080","202,117","203,872","205,422","206,819","207,943","209,213","210,271","211,938","212,150","211,676","211,234","211,490","214,634","216,219","217,182","219,790","220,674","220,637","221,001","222,199","224,098","224,362","225,815","227,572","228,418","228,214","228,324","228,783","229,386","231,729","233,357","233,003","235,198","238,130","239,601","242,241","242,425","242,412","242,260","242,108","243,700","243,661","244,029","244,406","245,800","247,530","249,110","249,565","249,675","249,591","251,254","250,592","249,132","250,838","252,183","254,000","254,214","255,401","258,253","261,195","261,290","260,999","261,303","263,693","265,890","264,639","266,265","266,142","266,422","268,341","269,529","270,839","272,302","276,627","277,769","279,266","279,733"
"Services  [CS]","293,203","290,227","291,362","293,020","288,670","291,444","292,659","297,688","296,979","298,576","300,328","299,703","301,556","303,496","306,739","308,015","311,521","312,011","313,201","315,165","316,798","320,104","323,273","324,169","329,646","329,417","331,371","335,974","342,123","342,822","347,042","347,966","350,578","352,018","353,291","355,789","359,266","362,979","365,316","369,285","372,716","375,987","379,703","383,228","385,763","384,866","388,108","389,397","392,959","399,447","401,159","402,154","404,396","409,242","413,170","418,294","422,484","425,075","429,218","432,682","440,064","444,774","449,527","456,229","462,023","463,944","467,708","475,431","478,880","484,240","490,715","501,643","502,043","502,329","503,278","498,819","498,529","503,462","509,147","512,788","518,617","526,178","528,467","534,100","537,924","540,944","542,532","544,983","548,996","551,332","555,212","558,140","561,035","565,534","567,988","570,269","573,617","578,096","581,936","586,435","588,551","591,942","594,002","597,671","597,031","601,679","608,041","611,480","615,541","619,928","628,286","633,897","636,468"

Symbol legend:

Footnotes:
1,The categories of household final consumption expenditure are based largely on the Classification of Individual Consumption According to Purpose (COICOP).

"How to cite: Statistics Canada. Table 36-10-0107-01 Household final consumption expenditure, quarterly, Canada (x 1,000,000)"
https://www150.statcan.gc.ca/t1/tbl1/en/tv.action?pid=3610010701
DOI: https://doi.org/10.25318/3610010701-eng